{"cameraMode":{"drawMode":0,"name":"Shaded","section":"Shading Mode"},"sceneLighting":false,"audioPlay":false,"sceneViewState":{"showFog":false,"showMaterialUpdate":false,"showSkybox":false,"showFlares":false,"showImageEffects":false,"showParticleSystems":false},"in2DMode":false,"pivot":{"x":-0.4288111925125122,"y":-0.6257014274597168,"z":0.8444297313690186},"rotation":{"x":-0.4974725544452667,"y":0.01873459480702877,"z":-0.010742872953414917,"w":-0.8672251105308533},"size":2.723912477493286,"orthographic":false}